{
  "experiment": "transition_lab",
  "label": "simulation \u2014 not empirical confirmation of MPE phenomenology",
  "seed": 42,
  "attenuation": {
    "absorption_scores": [
      -0.14398458123077268,
      -0.09986458309315965,
      -0.08903734271826746,
      -0.07491070702645641,
      -0.035665518069963265,
      -0.007497892033152209,
      0.023524059927491847,
      0.03679844614224154,
      0.08478732438002223,
      0.11522402062982351,
      0.13168677729103123,
      0.16169981288547142,
      0.1914314663715514,
      0.2324192411015898,
      0.2527062631175371,
      0.29333237138426543,
      0.30604532814713614,
      0.33448140738372734,
      0.36629589362899984,
      0.3892655986287932,
      0.41519685710772103,
      0.444692872565235,
      0.46468427413179325,
      0.49355661693386177,
      0.523115274479705,
      0.5464380930008321,
      0.5740094228030473,
      0.5983803868270334,
      0.6249574146252095,
      0.6474094047928204,
      0.6783499170349514,
      0.6946720549946064,
      0.7220728480399943,
      0.7453989749575216,
      0.778087990385997,
      0.7967173482202958,
      0.8195162255392536,
      0.8389749793825357,
      0.8694446334449036,
      0.8831991520700415
    ],
    "start": -0.14398458123077268,
    "end": 0.8831991520700415
  },
  "restore": {
    "absorption_scores": [
      0.8962143013894615,
      0.8816691800448477,
      0.8645326698148919,
      0.8464655029028135,
      0.8263250215404322,
      0.8093295318507063,
      0.7846220932322778,
      0.7692248872523674,
      0.7468163228250235,
      0.7279856213107375,
      0.7079931293820718,
      0.6894406004284291,
      0.6659927010533093,
      0.6489694006945295,
      0.6199416643497297,
      0.6012791595034865,
      0.5841573144430906,
      0.5638578669709513,
      0.535225679128772,
      0.5256186838325259,
      0.4988777476727432,
      0.47680897269452394,
      0.4485610166414862,
      0.43210056616159015,
      0.40960933563646557,
      0.3924726057901886,
      0.36666081503378534,
      0.35281063876693014,
      0.32152612464031194,
      0.31670535071411726,
      0.2932749652732893,
      0.27266835021310093,
      0.24549667561236455,
      0.22749038594111337,
      0.2042757440327374,
      0.17112297143478505,
      0.1634433017119169,
      0.11438329890341703,
      0.09355099175355097,
      0.08473249882464495
    ],
    "contentfulness": [
      0.03804025784988701,
      0.06279471835635744,
      0.0863850140315524,
      0.10945879369743435,
      0.13734993075513602,
      0.16147724094638574,
      0.1851796147664632,
      0.2049219259789916,
      0.2308856438726843,
      0.25511721576430496,
      0.2799659343840963,
      0.2912125519823662,
      0.31729130473423894,
      0.3427818327402088,
      0.3705994956048931,
      0.3854206486428857,
      0.40763105171331204,
      0.42069960634646897,
      0.45122090702877937,
      0.4501972533209714,
      0.4768257677857756,
      0.512058865526366,
      0.5355692280689457,
      0.5443987093245359,
      0.5526380445179283,
      0.5629976547977085,
      0.5882736679934547,
      0.5953179496732497,
      0.6156259189820381,
      0.6103293181374945,
      0.631152716693666,
      0.6338752831456504,
      0.6543591383734212,
      0.6704257268487859,
      0.6799773080969072,
      0.6976800342755678,
      0.6929261181575018,
      0.7202934976171766,
      0.7339231587881705,
      0.7214384632506581
    ],
    "gamma_L4_before": 2.6,
    "gamma_L4_after": 2.6,
    "final_phenomenology": {
      "epistemicity": 0.7414136954629973,
      "nonconceptuality": 0.2785615367493419,
      "atemporality": 0.30000000000000004,
      "aperspectivalness": 0.44999999999999996,
      "non_egoicity": 0.46458306269290284,
      "effortlessness": 0.8660269736137758,
      "awareness_of_awareness": 0.6639525631011916,
      "contentfulness": 0.7214384632506581,
      "meta_awareness": 0.6751012323576779,
      "mental_agency": 0.47708468653548564,
      "gamma_L1": 2.0,
      "gamma_L2": 2.0,
      "gamma_L3": 2.0,
      "gamma_L4": 2.6,
      "level4_opacification": 0.75
    },
    "peak_absorption_before_restore": 0.8831991520700415
  },
  "predictions": {
    "MP4_attenuation_raises_absorption": true,
    "MP5_restore_exits_without_killing_L4": true
  }
}